INSERT INTO menu (id_producto, nombre_producto, precio) VALUES
	(1,'sushi',10.00),
	(2,'curry',15.00),
	(3,'ramen',12.00),

INSERT INTO miembro (id_cliente, fecha_alta) VALUES
	('A', DATE_FORMAT(DATE_SUB(NOW(), INTERVAL 1 YEAR), '%Y-01-07')),
	('B', DATE_FORMAT(DATE_SUB(NOW(), INTERVAL 1 YEAR), '%Y-01-09')),
	('C', NULL),
	('D', DATE_FORMAT(DATE_SUB(NOW(), INTERVAL 1 YEAR), '%Y-01-03'));

INSERT INTO ventas (id_cliente, id_producto, fecha_pedido) VALUES
	('A', 1, DATE_FORMAT(DATE_SUB(NOW(), INTERVAL 1 YEAR), '%Y-01-01')),
	('A', 2, DATE_FORMAT(DATE_SUB(NOW(), INTERVAL 1 YEAR), '%Y-01-01')),
	('A', 2, DATE_FORMAT(DATE_SUB(NOW(), INTERVAL 1 YEAR), '%Y-01-07')),
	('A', 3, DATE_FORMAT(DATE_SUB(NOW(), INTERVAL 1 YEAR), '%Y-01-10')),
	('A', 3, DATE_FORMAT(DATE_SUB(NOW(), INTERVAL 1 YEAR), '%Y-01-11')),
	('A', 3, DATE_FORMAT(DATE_SUB(NOW(), INTERVAL 1 YEAR), '%Y-01-11')),
	('B', 2, DATE_FORMAT(DATE_SUB(NOW(), INTERVAL 1 YEAR), '%Y-01-01')),
	('B', 2, DATE_FORMAT(DATE_SUB(NOW(), INTERVAL 1 YEAR), '%Y-01-02')),
	('B', 1, DATE_FORMAT(DATE_SUB(NOW(), INTERVAL 1 YEAR), '%Y-01-04')),
	('B', 1, DATE_FORMAT(DATE_SUB(NOW(), INTERVAL 1 YEAR), '%Y-01-11')),
	('B', 3, DATE_FORMAT(DATE_SUB(NOW(), INTERVAL 1 YEAR), '%Y-01-16')),
	('B', 3, DATE_FORMAT(DATE_SUB(NOW(), INTERVAL 1 YEAR), '%Y-02-01')),
	('C', 3, DATE_FORMAT(DATE_SUB(NOW(), INTERVAL 1 YEAR), '%Y-01-01')),
	('C', 3, DATE_FORMAT(DATE_SUB(NOW(), INTERVAL 1 YEAR), '%Y-01-01')),
	('C', 3, DATE_FORMAT(DATE_SUB(NOW(), INTERVAL 1 YEAR), '%Y-01-07'));
